employee_id,first_name,last_name,age,email,job_title,department,gender,start_date,salary
1,Pierrette,Reeken,20,preeken0@dell.com,HR Manager,HR,Female,7/7/2014,75538.0
2,Russell,Henriques,58,rhenriques1@studiopress.com,HR Manager,HR,Male,7/31/2016,98515.16
3,Deirdre,Cattermole,23,dcattermole2@ovh.net,HR Coordinator,HR,Female,3/31/2011,45341.27
4,Lanni,Brim,49,lbrim3@t.co,HR Manager,HR,Female,5/17/2013,50733.21
5,Mair,Whillock,25,mwhillock4@whitehouse.gov,HR Specialist,HR,Genderqueer,1/27/2010,88915.67
6,Ringo,Aronoff,21,raronoff5@weibo.com,HR Coordinator,HR,Male,12/6/2019,99752.44
7,Bald,Bruggen,21,bbruggen6@icio.us,HR Coordinator,HR,Male,6/26/2020,50082.71
8,Brandi,Rodda,73,brodda7@moonfruit.com,HR Manager,HR,Female,3/31/2010,75622.7
9,Cara,Danell,65,cdanell8@php.net,HR Specialist,HR,Female,9/8/2020,76642.81
10,Worthy,Fidele,80,wfidele9@feedburner.com,HR Coordinator,HR,Male,5/16/2021,37357.69
11,Cornelius,Whiskin,68,cwhiskina@wikispaces.com,HR Manager,HR,Male,6/4/2011,58123.12
12,Guy,Whartonby,67,gwhartonbyb@t.co,HR Coordinator,HR,Male,3/3/2018,90064.5
13,Louella,Marusik,56,lmarusikc@smh.com.au,HR Manager,HR,Female,2/24/2017,77924.61
14,Breanne,Povlsen,85,bpovlsend@instagram.com,HR Specialist,HR,Female,2/16/2018,34990.62
15,Waverley,Launchbury,33,wlaunchburye@google.com.hk,HR Specialist,HR,Male,6/8/2011,74642.49
16,Brittani,Peetermann,61,bpeetermannf@123-reg.co.uk,HR Specialist,HR,Female,7/23/2019,95324.63
17,Reider,St. Louis,55,rstlouisg@cam.ac.uk,HR Manager,HR,Agender,1/15/2021,52940.65
18,Garvey,Gittis,21,ggittish@uol.com.br,HR Specialist,HR,Genderfluid,9/5/2022,46457.4
19,Casie,Measor,42,cmeasori@imdb.com,HR Specialist,HR,Female,1/1/2013,83265.23
20,Bunni,Dominguez,81,bdominguezj@businessweek.com,HR Manager,HR,Female,12/9/2021,50584.83
21,Millisent,Jamieson,60,mjamiesonk@digg.com,HR Manager,HR,Female,7/5/2012,45091.26
22,Lorin,Tythe,21,ltythel@github.io,HR Coordinator,HR,Male,5/24/2014,69343.41
23,Ernestine,Ferrieri,75,eferrierim@foxnews.com,HR Specialist,HR,Female,6/26/2011,33015.07
24,Penn,Gibben,47,pgibbenn@merriam-webster.com,HR Specialist,HR,Male,11/9/2021,47926.74
25,Sharron,Bubeer,49,sbubeero@dion.ne.jp,HR Coordinator,HR,Female,3/10/2020,79578.76
26,Etan,Roderighi,48,eroderighip@dropbox.com,HR Coordinator,HR,Male,5/18/2011,63123.47
27,Jerald,Reast,64,jreastq@telegraph.co.uk,HR Coordinator,HR,Male,11/3/2014,43337.55
28,Alikee,Crosswaite,28,acrosswaiter@fotki.com,HR Coordinator,HR,Female,8/2/2015,43602.55
29,Kameko,Guyet,77,kguyets@instagram.com,HR Specialist,HR,Female,4/15/2021,30017.18
30,Claudina,Richard,52,crichardt@blinklist.com,HR Coordinator,HR,Female,8/9/2020,64883.99
31,Jerrold,Rivallant,80,jrivallantu@sfgate.com,HR Manager,HR,Male,9/6/2020,54477.54
32,Samantha,Bolderoe,26,sbolderoev@google.es,HR Coordinator,HR,Female,8/12/2015,83309.21
33,Marisa,Grouse,81,mgrousew@independent.co.uk,HR Manager,HR,Female,1/20/2017,81254.05
34,Kurt,Donne,22,kdonnex@gov.uk,HR Coordinator,HR,Male,3/15/2022,84948.48
35,Wilfrid,Readie,53,wreadiey@yellowbook.com,HR Manager,HR,Genderfluid,10/5/2013,62921.92
36,Wylma,Kahane,46,wkahanez@usda.gov,HR Specialist,HR,Female,7/25/2018,89135.13
37,Lotti,Basson,84,lbasson10@4shared.com,HR Coordinator,HR,Female,4/26/2018,37347.86
38,Jarrett,Bene,70,jbene11@themeforest.net,HR Coordinator,HR,Male,8/3/2017,80520.38
39,Kevan,Sapseed,48,ksapseed12@live.com,HR Coordinator,HR,Genderfluid,8/14/2010,71450.32
40,Wilhelm,Sanper,83,wsanper13@shareasale.com,HR Manager,HR,Male,10/26/2012,81598.37
41,Kimbell,Maydwell,77,kmaydwell14@privacy.gov.au,HR Coordinator,HR,Male,11/12/2020,81828.57
42,Gabriello,Primo,69,gprimo15@amazon.com,HR Coordinator,HR,Male,5/5/2012,45380.39
43,Valerye,Canelas,46,vcanelas16@nyu.edu,HR Coordinator,HR,Female,3/1/2014,38236.36
44,Bertina,Fawcus,35,bfawcus17@yellowpages.com,HR Manager,HR,Female,3/10/2019,94273.78
45,Easter,Fiddler,42,efiddler18@oakley.com,HR Coordinator,HR,Female,5/16/2022,49663.9
46,Munroe,Artiss,31,martiss19@unblog.fr,HR Specialist,HR,Agender,12/22/2016,75849.14
47,Eddi,Yearby,24,eyearby1a@ucoz.ru,HR Manager,HR,Female,9/1/2012,57602.79
48,Denni,Hamper,56,dhamper1b@hud.gov,HR Coordinator,HR,Female,1/21/2013,63206.31
49,George,Reely,84,greely1c@devhub.com,HR Specialist,HR,Male,9/28/2015,49811.98
50,Langsdon,Horney,56,lhorney1d@naver.com,HR Manager,HR,Male,1/17/2011,59787.38
51,Mickie,Dwine,21,mdwine1e@fda.gov,HR Manager,HR,Male,8/2/2011,82136.97
52,Clarence,Duddell,33,cduddell1f@so-net.ne.jp,HR Coordinator,HR,Male,8/3/2019,84289.94
53,Rubin,Biaggiotti,36,rbiaggiotti1g@independent.co.uk,HR Specialist,HR,Male,3/6/2013,91945.16
54,Cord,Josowitz,43,cjosowitz1h@joomla.org,HR Manager,HR,Male,7/27/2019,78863.64
55,Deonne,Bellringer,44,dbellringer1i@slate.com,HR Specialist,HR,Female,4/12/2019,81491.9
56,Pasquale,Echalier,54,pechalier1j@tinyurl.com,HR Specialist,HR,Male,9/7/2015,64182.01
57,Mick,O'Hare,52,mohare1k@theatlantic.com,HR Coordinator,HR,Male,6/8/2022,41294.42
58,Dreddy,Chisnall,66,dchisnall1l@oracle.com,HR Coordinator,HR,Female,7/18/2015,51818.71
59,Eli,Winchurch,61,ewinchurch1m@bravesites.com,HR Specialist,HR,Male,5/24/2019,46196.68
60,Dannie,Eidelman,22,deidelman1n@netscape.com,HR Coordinator,HR,Female,11/29/2019,79634.54
61,Rey,Lemonnier,25,rlemonnier1o@cpanel.net,HR Specialist,HR,Agender,11/20/2017,92037.64
62,Tonnie,Torresi,68,ttorresi1p@godaddy.com,HR Manager,HR,Male,10/3/2014,57505.48
63,Holly,Gobeau,25,hgobeau1q@wsj.com,HR Manager,HR,Polygender,5/29/2020,83658.53
64,Chlo,Floyde,50,cfloyde1r@nsw.gov.au,HR Coordinator,HR,Female,7/15/2018,66928.37
65,Nicola,Gatman,49,ngatman1s@icq.com,HR Coordinator,HR,Male,7/23/2014,54594.36
66,Tanner,Whelan,82,twhelan1t@canalblog.com,HR Manager,HR,Male,9/17/2013,61147.52
67,Janka,Connal,20,jconnal1u@slideshare.net,HR Specialist,HR,Female,7/10/2013,47691.23
68,Lucine,Purver,39,lpurver1v@nymag.com,HR Manager,HR,Female,5/18/2020,46277.52
69,Dillie,Pryell,25,dpryell1w@com.com,HR Specialist,HR,Male,12/14/2021,48313.89
70,Idalia,Keese,64,ikeese1x@behance.net,HR Specialist,HR,Female,10/18/2021,94847.78
71,Georgena,Valenti,60,gvalenti1y@hhs.gov,HR Coordinator,HR,Female,11/8/2022,32829.89
72,Robbin,Musicka,75,rmusicka1z@so-net.ne.jp,HR Coordinator,HR,Female,4/7/2018,41924.23
73,Alida,Toffoletto,46,atoffoletto20@pinterest.com,HR Manager,HR,Female,10/19/2019,42672.61
74,Vern,Runge,26,vrunge21@adobe.com,HR Coordinator,HR,Male,3/31/2013,90711.47
75,Gabriella,Palfreyman,29,gpalfreyman22@gravatar.com,HR Coordinator,HR,Female,11/23/2011,94201.4
76,Clio,Stockwell,42,cstockwell23@cocolog-nifty.com,HR Coordinator,HR,Female,7/7/2015,85144.88
77,Drud,Slinger,21,dslinger24@wordpress.com,HR Coordinator,HR,Non-binary,5/18/2011,56587.65
78,Mina,Joule,57,mjoule25@bing.com,HR Manager,HR,Female,5/7/2020,39842.04
79,Mariam,Pinkstone,58,mpinkstone26@histats.com,HR Specialist,HR,Female,10/30/2013,46886.16
80,Antonietta,Humphrey,25,ahumphrey27@sfgate.com,HR Coordinator,HR,Female,6/6/2012,96141.52
81,Jillane,Stearnes,51,jstearnes28@example.com,HR Coordinator,HR,Agender,9/7/2021,40044.01
82,Grady,MacFadden,76,gmacfadden29@archive.org,HR Coordinator,HR,Male,12/2/2010,57014.17
83,Torrin,Sciacovelli,61,tsciacovelli2a@opensource.org,HR Specialist,HR,Male,3/21/2015,76668.18
84,Fawnia,Springham,65,fspringham2b@omniture.com,HR Coordinator,HR,Female,11/14/2015,44899.82
85,Royce,Stolli,81,rstolli2c@ning.com,HR Coordinator,HR,Male,5/2/2019,78942.24
86,Marmaduke,Veeler,73,mveeler2d@themeforest.net,HR Manager,HR,Male,1/6/2022,32583.31
87,Oliviero,Lafoy,67,olafoy2e@nyu.edu,HR Manager,HR,Male,2/15/2020,90787.78
88,Ira,Szymanowicz,84,iszymanowicz2f@bloglovin.com,HR Specialist,HR,Female,6/2/2015,67549.03
89,Rob,Alldre,70,ralldre2g@latimes.com,HR Coordinator,HR,Male,8/29/2022,85531.14
90,Roslyn,Blowfelde,63,rblowfelde2h@flickr.com,HR Coordinator,HR,Female,5/2/2011,92846.09
91,Toma,Perel,66,tperel2i@ucsd.edu,HR Manager,HR,Female,2/18/2021,95511.63
92,Kean,McCorry,72,kmccorry2j@engadget.com,HR Manager,HR,Male,4/26/2020,80459.15
93,Bride,Newband,79,bnewband2k@mozilla.com,HR Coordinator,HR,Female,12/26/2021,40806.72
94,Raquel,Shakle,83,rshakle2l@cmu.edu,HR Coordinator,HR,Female,12/26/2017,96686.4
95,Osborne,Sonier,77,osonier2m@microsoft.com,HR Manager,HR,Genderfluid,3/28/2011,52592.21
96,Roobbie,Brownjohn,71,rbrownjohn2n@hibu.com,HR Manager,HR,Female,10/20/2013,94004.98
97,Cross,Clews,22,cclews2o@loc.gov,HR Coordinator,HR,Non-binary,1/26/2020,60930.95
98,Clarice,Ickeringill,85,cickeringill2p@nature.com,HR Coordinator,HR,Female,7/28/2017,72272.33
99,Troy,Brevitt,60,tbrevitt2q@hugedomains.com,HR Specialist,HR,Male,11/30/2012,45160.48
100,Abey,Extance,46,aextance2r@edublogs.org,HR Specialist,HR,Male,4/1/2015,61919.12
