employee_id,first_name,last_name,age,email,job_title,department,salary,hire_date,commission_rate
1,Margret,Yitzhakof,49,myitzhakof0@ezinearticles.com,Sales Associate,Sales,35985.81,8/16/2016,0.12
2,Ara,Sellen,43,asellen1@google.nl,Sales Representative,Sales,87625.65,1/29/2020,0.11
3,Gypsy,Imesen,56,gimesen2@surveymonkey.com,Sales Associate,Sales,60552.39,2/11/2011,0.14
4,Merci,Greggs,36,mgreggs3@1688.com,Sales Manager,Sales,73784.58,12/26/2017,0.13
5,Miquela,Gurnell,45,mgurnell4@w3.org,Sales Representative,Sales,40124.08,2/12/2015,0.14
6,Marabel,Liddell,51,mliddell5@4shared.com,Sales Representative,Sales,82703.0,8/12/2014,0.15
7,Gates,Mateescu,35,gmateescu6@nih.gov,Sales Associate,Sales,96476.75,7/27/2017,0.06
8,Daron,Brompton,19,dbrompton7@wisc.edu,Sales Associate,Sales,54997.16,1/20/2019,0.08
9,Christy,Kayser,29,ckayser8@wikia.com,Sales Representative,Sales,94843.0,3/1/2011,0.11
10,Blaire,Milier,50,bmilier9@123-reg.co.uk,Sales Associate,Sales,65214.89,11/28/2011,0.05
11,Eadmund,Duferie,45,eduferiea@hubpages.com,Sales Representative,Sales,39337.8,5/10/2010,0.14
12,Terry,Prettyjohn,26,tprettyjohnb@squidoo.com,Sales Representative,Sales,97766.29,12/2/2020,0.09
13,Lottie,Garry,64,lgarryc@theatlantic.com,Sales Associate,Sales,81814.32,7/18/2019,0.12
14,Elsworth,Fricker,33,efrickerd@chron.com,Sales Associate,Sales,85007.76,3/18/2011,0.1
15,Gayle,Godsil,19,ggodsile@usa.gov,Sales Associate,Sales,42961.58,10/7/2010,0.1
16,Georgianne,Crewther,35,gcrewtherf@newyorker.com,Sales Representative,Sales,52573.66,4/1/2013,0.06
17,Trev,Chittenden,34,tchittendeng@com.com,Sales Representative,Sales,82510.16,8/12/2014,0.12
18,Staffard,Wakelin,21,swakelinh@ebay.com,Sales Associate,Sales,76606.72,8/18/2012,0.14
19,Dalenna,Hullin,24,dhullini@scientificamerican.com,Sales Representative,Sales,65339.82,1/26/2011,0.12
20,Daffi,McClary,21,dmcclaryj@kickstarter.com,Sales Representative,Sales,52183.1,5/1/2017,0.12
21,Rosabella,Crothers,30,rcrothersk@tinyurl.com,Sales Associate,Sales,61977.08,8/13/2010,0.12
22,Trever,Toyne,48,ttoynel@multiply.com,Sales Associate,Sales,75355.32,5/3/2011,0.14
23,Gussy,Myerscough,44,gmyerscoughm@goo.gl,Sales Associate,Sales,86466.76,5/14/2017,0.07
24,Adelaida,Rainforth,23,arainforthn@who.int,Sales Associate,Sales,92136.75,6/18/2018,0.09
25,Liane,Lardeux,33,llardeuxo@parallels.com,Sales Associate,Sales,42178.5,6/20/2019,0.1
26,Vina,Roll,51,vrollp@oaic.gov.au,Sales Associate,Sales,72971.65,10/20/2015,0.12
27,Fawnia,Melesk,48,fmeleskq@parallels.com,Sales Representative,Sales,48452.53,6/6/2011,0.09
28,Demetri,Haddow,38,dhaddowr@goodreads.com,Sales Associate,Sales,77522.8,3/10/2015,0.13
29,Abraham,Manders,19,amanderss@washington.edu,Sales Associate,Sales,66123.96,10/29/2011,0.15
30,Annabal,Bortolotti,46,abortolottit@google.pl,Sales Associate,Sales,33534.29,7/31/2021,0.15
31,Joell,Lamberton,28,jlambertonu@bloglines.com,Sales Associate,Sales,33114.48,5/5/2019,0.06
32,Trumann,Tomaello,21,ttomaellov@slideshare.net,Sales Associate,Sales,86385.81,4/30/2010,0.13
33,Danell,Bruckenthal,39,dbruckenthalw@msu.edu,Sales Representative,Sales,70777.02,9/14/2015,0.08
34,Pietrek,Gooly,62,pgoolyx@yellowbook.com,Sales Associate,Sales,72450.36,3/15/2012,0.09
35,Lorry,Cardo,55,lcardoy@hexun.com,Sales Representative,Sales,35053.49,10/30/2012,0.13
36,Stanley,Groneway,58,sgronewayz@dailymotion.com,Sales Associate,Sales,36607.2,12/3/2018,0.11
37,Kala,Drewell,30,kdrewell10@blinklist.com,Sales Representative,Sales,76389.67,8/19/2014,0.12
38,Petronia,Champe,21,pchampe11@scribd.com,Sales Representative,Sales,84118.94,4/16/2019,0.15
39,Sal,Basey,41,sbasey12@domainmarket.com,Sales Associate,Sales,45583.02,12/8/2015,0.1
40,Ellynn,Jendrich,28,ejendrich13@rakuten.co.jp,Sales Representative,Sales,86695.55,12/23/2015,0.05
41,Phyllys,Arnaldo,52,parnaldo14@ed.gov,Sales Manager,Sales,93249.65,9/11/2011,0.15
42,Wynn,Monro,57,wmonro15@fc2.com,Sales Representative,Sales,68459.63,6/23/2010,0.14
43,Jamill,Ruecastle,36,jruecastle16@jiathis.com,Sales Associate,Sales,45415.35,7/24/2017,0.09
44,Marjorie,Woliter,28,mwoliter17@answers.com,Sales Representative,Sales,32098.42,12/31/2015,0.13
45,Betteanne,Maggill'Andreis,43,bmaggillandreis18@bluehost.com,Sales Associate,Sales,73674.32,12/30/2019,0.15
46,Vinson,Mattaus,59,vmattaus19@flavors.me,Sales Associate,Sales,61760.67,7/27/2011,0.15
47,Dukie,Gravie,30,dgravie1a@latimes.com,Sales Associate,Sales,69828.73,4/17/2013,0.07
48,Balduin,Crofthwaite,39,bcrofthwaite1b@ezinearticles.com,Sales Representative,Sales,62645.03,7/23/2017,0.08
49,Ansley,Kaser,64,akaser1c@omniture.com,Sales Representative,Sales,92251.59,6/26/2021,0.1
50,Alon,Kerwin,20,akerwin1d@oakley.com,Sales Associate,Sales,55012.26,2/28/2021,0.11
51,Marchelle,Petters,40,mpetters1e@pen.io,Sales Associate,Sales,61645.75,1/12/2020,0.12
52,Brittney,Geeraert,53,bgeeraert1f@who.int,Sales Representative,Sales,92539.94,2/18/2018,0.07
53,Theodor,Cadell,40,tcadell1g@csmonitor.com,Sales Associate,Sales,34708.82,5/13/2017,0.15
54,Aarika,Bramley,60,abramley1h@examiner.com,Sales Representative,Sales,81673.68,12/9/2014,0.14
55,Justino,Brugemann,43,jbrugemann1i@plala.or.jp,Sales Representative,Sales,63761.06,12/28/2014,0.14
56,Dixie,Obal,35,dobal1j@issuu.com,Sales Representative,Sales,45503.37,5/28/2013,0.12
57,Neila,Bunkle,56,nbunkle1k@psu.edu,Sales Associate,Sales,58130.88,11/30/2011,0.14
58,Curran,Cairns,55,ccairns1l@devhub.com,Sales Manager,Sales,71550.78,2/1/2019,0.12
59,Rubina,Road,33,rroad1m@sfgate.com,Sales Associate,Sales,73140.01,8/9/2017,0.14
60,Xerxes,Barr,57,xbarr1n@gizmodo.com,Sales Associate,Sales,82509.13,5/18/2018,0.15
61,Moritz,Baird,31,mbaird1o@chron.com,Sales Associate,Sales,95351.08,2/5/2011,0.05
62,Raimundo,Messitt,30,rmessitt1p@unblog.fr,Sales Representative,Sales,92561.09,10/7/2011,0.07
63,Ban,Milesap,18,bmilesap1q@bloomberg.com,Sales Representative,Sales,79280.73,11/3/2011,0.07
64,Lambert,Brookton,23,lbrookton1r@ucsd.edu,Sales Representative,Sales,74782.62,12/13/2015,0.1
65,Dino,Libbey,33,dlibbey1s@cornell.edu,Sales Representative,Sales,87937.44,5/16/2011,0.09
66,Urbano,Eastman,25,ueastman1t@spiegel.de,Sales Associate,Sales,52555.85,11/4/2018,0.14
67,Robin,Alldred,43,ralldred1u@nba.com,Sales Manager,Sales,75783.89,1/27/2011,0.1
68,Maddy,Brydone,28,mbrydone1v@timesonline.co.uk,Sales Associate,Sales,58844.97,7/28/2019,0.07
69,Brianne,Ericssen,21,bericssen1w@go.com,Sales Manager,Sales,93101.97,5/23/2014,0.1
70,Karlyn,Fridd,25,kfridd1x@wikia.com,Sales Associate,Sales,43608.88,7/9/2019,0.1
71,Ardene,Dansken,19,adansken1y@squidoo.com,Sales Associate,Sales,73746.92,12/7/2020,0.13
72,Nadia,Forestall,25,nforestall1z@histats.com,Sales Associate,Sales,68017.88,7/26/2018,0.08
73,Donny,Jouannin,58,djouannin20@hibu.com,Sales Associate,Sales,78575.83,9/29/2014,0.13
74,Constantin,Verny,45,cverny21@storify.com,Sales Representative,Sales,62479.91,10/26/2010,0.13
75,Tildie,Beharrell,47,tbeharrell22@answers.com,Sales Associate,Sales,96917.68,9/9/2010,0.06
76,Claudine,Danielou,56,cdanielou23@boston.com,Sales Associate,Sales,86247.29,1/18/2012,0.1
77,Gianina,Seyffert,46,gseyffert24@yahoo.com,Sales Manager,Sales,50390.76,3/23/2021,0.08
78,Amii,Ritter,34,aritter25@foxnews.com,Sales Associate,Sales,88128.1,12/27/2021,0.12
79,Nichol,Phant,23,nphant26@icq.com,Sales Associate,Sales,39411.59,12/30/2010,0.05
80,Meggi,Vignaux,45,mvignaux27@ning.com,Sales Representative,Sales,85147.17,2/27/2019,0.07
81,Irina,Vanin,50,ivanin28@ucsd.edu,Sales Associate,Sales,88883.34,1/1/2011,0.14
82,Lyn,Morkham,33,lmorkham29@trellian.com,Sales Manager,Sales,43864.62,9/11/2018,0.08
83,Emmey,Roberts,35,eroberts2a@sitemeter.com,Sales Manager,Sales,68458.04,11/27/2019,0.12
84,Fowler,Costock,44,fcostock2b@samsung.com,Sales Representative,Sales,92012.82,3/7/2016,0.07
85,Lela,Lacaze,19,llacaze2c@live.com,Sales Representative,Sales,91487.45,9/2/2016,0.15
86,Base,Bourton,38,bbourton2d@netscape.com,Sales Representative,Sales,63356.65,12/14/2012,0.12
87,Andie,Fishbie,25,afishbie2e@ucsd.edu,Sales Associate,Sales,72838.43,4/14/2018,0.08
88,Sabra,Fashion,44,sfashion2f@ucoz.ru,Sales Associate,Sales,83210.74,3/26/2016,0.12
89,Caspar,Nequest,51,cnequest2g@google.com.hk,Sales Associate,Sales,49630.74,3/27/2015,0.05
90,Dulcinea,Probey,35,dprobey2h@google.pl,Sales Representative,Sales,70427.7,4/8/2021,0.06
91,Nealy,Rodda,35,nrodda2i@artisteer.com,Sales Representative,Sales,47291.84,2/15/2010,0.11
92,Hilda,Charlesworth,37,hcharlesworth2j@jimdo.com,Sales Associate,Sales,79825.25,7/17/2016,0.13
93,Roanna,Fere,32,rfere2k@vinaora.com,Sales Associate,Sales,75342.17,2/17/2012,0.06
94,Dunc,Potzold,44,dpotzold2l@abc.net.au,Sales Associate,Sales,59609.0,9/10/2019,0.1
95,Bobette,Kleinmintz,28,bkleinmintz2m@g.co,Sales Associate,Sales,95393.08,2/7/2013,0.11
96,Orville,Oakeshott,61,ooakeshott2n@addthis.com,Sales Associate,Sales,47881.81,2/3/2017,0.13
97,Kary,Southeran,19,ksoutheran2o@pagesperso-orange.fr,Sales Representative,Sales,56102.94,6/10/2016,0.12
98,Margery,Stebbings,47,mstebbings2p@wp.com,Sales Representative,Sales,81628.68,2/28/2016,0.05
99,Minnnie,Klagges,46,mklagges2q@naver.com,Sales Manager,Sales,62855.14,1/18/2017,0.06
100,Sylas,Mallia,24,smallia2r@google.co.uk,Sales Associate,Sales,96320.12,9/20/2018,0.07
