employee_id,first_name,last_name,age,email,job_title,salary,hire_date,department,manager_id
1,Duane,Aldersley,28,daldersley0@yellowpages.com,Marketing Assistant,95509.39,1/31/2013,Marketing,1
2,Haze,Ofener,57,hofener1@linkedin.com,Technical Writer,84190.17,4/6/2017,Marketing,2
3,Hasheem,Dovidaitis,50,hdovidaitis2@yellowpages.com,Civil Engineer,114389.31,12/6/2020,Engineering,3
4,Quinta,Balsdon,65,qbalsdon3@yale.edu,Registered Nurse,81379.07,6/9/2018,Marketing,4
5,Mildrid,Grimstead,24,mgrimstead4@sun.com,Community Outreach Specialist,109979.81,12/12/2020,IT,5
6,Arlin,Belden,30,abelden5@sciencedaily.com,VP Accounting,104800.02,1/15/2013,Engineering,6
7,Lilly,Tressler,62,ltressler6@nsw.gov.au,Marketing Manager,67059.77,9/30/2011,Engineering,7
8,Luciana,Chainey,25,lchainey7@apache.org,Help Desk Technician,40660.04,12/1/2018,Marketing,8
9,Hercule,Carnegie,29,hcarnegie8@wikimedia.org,Quality Control Specialist,75593.91,8/18/2015,Marketing,9
10,Georgia,Brundale,43,gbrundale9@tiny.cc,Information Systems Manager,56224.42,8/29/2018,Marketing,10
11,Hazel,Glowach,57,hglowacha@elegantthemes.com,VP Sales,105540.56,12/29/2019,Marketing,11
12,Swen,Alejandri,19,salejandrib@narod.ru,Software Test Engineer IV,73848.52,5/18/2014,Marketing,12
13,Rowan,Fagence,30,rfagencec@photobucket.com,Web Developer II,70773.79,9/6/2016,Engineering,13
14,Somerset,Ganning,18,sganningd@admin.ch,Physical Therapy Assistant,71588.84,8/6/2013,Engineering,14
15,Rebeca,Rickerby,50,rrickerbye@discuz.net,Chemical Engineer,115691.24,9/24/2013,Engineering,15
16,Verile,Thunnerclef,43,vthunnercleff@vinaora.com,Information Systems Manager,36617.7,5/15/2012,IT,16
17,Cully,Prosch,65,cproschg@fema.gov,Accounting Assistant I,107799.88,8/5/2010,Marketing,17
18,Marlie,Taylor,34,mtaylorh@wikimedia.org,Junior Executive,102436.64,9/10/2018,IT,18
19,Pansy,Mc Cahey,61,pmccaheyi@blinklist.com,Social Worker,50482.06,10/21/2013,Marketing,19
20,Branden,Chatfield,65,bchatfieldj@cargocollective.com,Financial Analyst,94520.75,12/3/2020,Marketing,20
21,Toddy,Pickersail,33,tpickersailk@wikipedia.org,Statistician I,84046.31,5/6/2015,IT,21
22,Adel,Heffy,34,aheffyl@ucoz.ru,Legal Assistant,96553.71,10/30/2012,Finance,22
23,Ruggiero,Bearcroft,59,rbearcroftm@xing.com,Operator,65056.43,10/7/2021,IT,23
24,Grantham,Cockroft,50,gcockroftn@weebly.com,Senior Editor,112264.67,10/6/2015,Finance,24
25,Selby,Cowcha,45,scowchao@guardian.co.uk,Administrative Assistant II,40927.54,8/30/2015,Engineering,25
26,Danella,Mayall,38,dmayallp@wordpress.org,Chief Design Engineer,107432.08,9/29/2021,Engineering,26
27,Conway,Arbor,43,carborq@telegraph.co.uk,Analog Circuit Design manager,114039.46,2/26/2020,Engineering,27
28,Bobinette,Goodyer,55,bgoodyerr@goo.gl,Nurse,37827.76,10/29/2011,Marketing,28
29,Thomasine,Rossi,36,trossis@squidoo.com,Accountant III,105879.96,4/26/2017,Marketing,29
30,Kimberley,Dacey,48,kdaceyt@chronoengine.com,Senior Cost Accountant,115159.16,9/1/2011,Engineering,30
31,Law,Dancer,42,ldanceru@ox.ac.uk,Operator,47981.65,7/20/2013,Finance,31
32,Emmi,Menel,42,emenelv@mapy.cz,Accountant I,65268.1,7/24/2018,Marketing,32
33,Iseabal,Strond,33,istrondw@chicagotribune.com,VP Sales,76250.37,11/4/2017,Engineering,33
34,Kasey,Ludron,32,kludronx@t-online.de,Pharmacist,77487.04,11/30/2020,Engineering,34
35,Sabrina,Quainton,28,squaintony@feedburner.com,VP Product Management,104618.57,5/2/2018,Marketing,35
36,Addia,Vicent,41,avicentz@discuz.net,VP Accounting,44308.95,11/10/2020,Finance,36
37,Shirlene,Frobisher,22,sfrobisher10@imgur.com,Accountant III,101092.95,11/20/2021,Finance,37
38,Delmor,Mozzini,40,dmozzini11@paginegialle.it,Research Associate,46515.25,6/14/2016,IT,38
39,Lorelei,Thridgould,57,lthridgould12@google.com.br,Database Administrator IV,104489.49,4/6/2010,Marketing,39
40,Lizbeth,Charlon,44,lcharlon13@npr.org,Web Designer IV,113780.17,7/1/2013,Marketing,40
41,Chrissie,Bond,55,cbond14@thetimes.co.uk,Recruiting Manager,90225.67,9/5/2021,IT,41
42,Guss,Aleveque,41,galeveque15@answers.com,Senior Quality Engineer,48121.54,6/28/2018,Finance,42
43,Moina,Wilcott,27,mwilcott16@google.es,Data Coordinator,88726.2,12/19/2012,Engineering,43
44,Austine,Linthead,28,alinthead17@census.gov,Senior Developer,37330.35,10/2/2019,Engineering,44
45,Valera,Kubista,42,vkubista18@tinyurl.com,Database Administrator IV,68334.6,2/26/2010,Marketing,45
46,Brigit,Aguilar,41,baguilar19@arizona.edu,Nurse,51479.04,5/25/2019,Engineering,46
47,Ignace,Williment,29,iwilliment1a@sina.com.cn,Nuclear Power Engineer,56713.64,5/29/2015,Engineering,47
48,Jessey,Sheehan,61,jsheehan1b@about.com,Financial Analyst,90244.12,3/9/2015,IT,48
49,Lilia,Enos,37,lenos1c@webnode.com,Human Resources Assistant IV,89484.08,5/10/2010,IT,49
50,Eachelle,Bestwall,61,ebestwall1d@rambler.ru,Nurse Practicioner,116464.1,11/6/2016,IT,50
51,Moishe,O'Hingerty,51,mohingerty1e@homestead.com,Senior Cost Accountant,42902.98,7/22/2012,IT,51
52,Mariquilla,Bunning,31,mbunning1f@hostgator.com,Environmental Tech,72376.58,6/2/2020,Marketing,52
53,Clo,Waring,37,cwaring1g@ask.com,Quality Engineer,49403.59,3/12/2020,Engineering,53
54,Betti,Kubis,43,bkubis1h@edublogs.org,Registered Nurse,67820.32,5/1/2014,Marketing,54
55,Lainey,Govan,58,lgovan1i@theglobeandmail.com,Registered Nurse,48833.13,3/4/2020,IT,55
56,Rosaleen,Youll,36,ryoull1j@aol.com,Operator,96806.9,11/25/2010,IT,56
57,Augustina,Alvis,64,aalvis1k@studiopress.com,Web Developer II,100579.11,2/22/2020,IT,57
58,Bobby,Wakenshaw,49,bwakenshaw1l@altervista.org,Dental Hygienist,67214.75,7/18/2013,Marketing,58
59,Robinia,Sandal,35,rsandal1m@who.int,Database Administrator I,61560.78,10/29/2017,Finance,59
60,Aldis,Discombe,45,adiscombe1n@cbc.ca,VP Accounting,111181.67,4/18/2016,Engineering,60
61,Nigel,Hundall,27,nhundall1o@ebay.co.uk,Civil Engineer,110430.88,3/1/2016,IT,61
62,Christel,Crigin,20,ccrigin1p@lulu.com,Developer III,116392.76,11/17/2019,Engineering,62
63,Lanny,Bernardes,30,lbernardes1q@cocolog-nifty.com,Executive Secretary,77988.17,11/19/2010,Marketing,63
64,Jamima,Truwert,30,jtruwert1r@hp.com,Cost Accountant,45092.64,10/3/2011,Finance,64
65,Steffi,Tunney,57,stunney1s@census.gov,Account Representative III,41111.12,6/18/2016,IT,65
66,Sander,Gamlin,59,sgamlin1t@cdc.gov,Chief Design Engineer,37077.22,10/4/2019,IT,66
67,Nicola,Tonn,36,ntonn1u@opera.com,Operator,89290.52,7/24/2015,Marketing,67
68,Korey,Cristofari,19,kcristofari1v@yandex.ru,Office Assistant I,76673.83,12/10/2011,Finance,68
69,Enrika,Avis,63,eavis1w@yelp.com,Analog Circuit Design manager,75481.76,3/7/2014,Engineering,69
70,Milzie,Braybrooke,47,mbraybrooke1x@webs.com,Associate Professor,70800.81,3/4/2018,Finance,70
71,Mitchel,Prestwich,41,mprestwich1y@redcross.org,Project Manager,85258.18,4/4/2011,IT,71
72,Nehemiah,Chicken,45,nchicken1z@bravesites.com,Structural Engineer,100682.41,4/3/2014,Finance,72
73,Clem,Allcorn,39,callcorn20@japanpost.jp,Senior Quality Engineer,74417.34,12/7/2016,Engineering,73
74,Pat,Youell,45,pyouell21@toplist.cz,Nurse,109573.07,7/28/2010,Engineering,74
75,Alexandr,Ashfield,56,aashfield22@is.gd,Quality Control Specialist,69342.46,2/17/2013,Marketing,75
76,Korrie,Auston,61,kauston23@bbb.org,GIS Technical Architect,119131.84,6/14/2019,Engineering,76
77,Ade,Coxwell,55,acoxwell24@fda.gov,Analog Circuit Design manager,31359.67,12/16/2013,Marketing,77
78,Archie,Benedettini,58,abenedettini25@opensource.org,Marketing Assistant,101209.02,11/27/2011,Marketing,78
79,Leonidas,Fonteyne,58,lfonteyne26@upenn.edu,Systems Administrator III,100799.49,11/11/2019,Engineering,79
80,Alyse,Maymond,24,amaymond27@friendfeed.com,Chemical Engineer,50818.65,8/25/2021,IT,80
81,Dorolisa,Bromwich,40,dbromwich28@wikia.com,Account Representative II,63031.25,1/15/2020,Finance,81
82,Gerri,Rennison,53,grennison29@ted.com,Director of Sales,65213.36,1/11/2013,IT,82
83,Dottie,Matiebe,53,dmatiebe2a@rakuten.co.jp,Associate Professor,36964.73,4/27/2015,Finance,83
84,Paulo,Durdy,46,pdurdy2b@cyberchimps.com,Librarian,64094.97,2/25/2020,Marketing,84
85,Lucia,Jirka,32,ljirka2c@independent.co.uk,Information Systems Manager,118481.81,10/23/2015,Finance,85
86,Johan,Bernette,45,jbernette2d@domainmarket.com,Senior Quality Engineer,87903.52,1/28/2021,Engineering,86
87,Erasmus,Mineghelli,61,emineghelli2e@hibu.com,Staff Scientist,35717.81,5/2/2018,Finance,87
88,Marjorie,Chillingsworth,48,mchillingsworth2f@google.com,Human Resources Assistant IV,113063.94,7/9/2021,Engineering,88
89,Kelley,Tellenbrook,58,ktellenbrook2g@ca.gov,Analyst Programmer,109086.47,9/17/2014,IT,89
90,Jeana,O'Gavin,42,jogavin2h@hp.com,Senior Editor,38611.18,5/25/2019,Finance,90
91,Roddy,Blick,61,rblick2i@nps.gov,Marketing Assistant,42677.78,3/6/2011,IT,91
92,Rem,Daviddi,60,rdaviddi2j@feedburner.com,Systems Administrator IV,105110.85,12/14/2018,Engineering,92
93,Dorie,Pala,28,dpala2k@linkedin.com,Recruiting Manager,111458.37,12/28/2021,Engineering,93
94,Nicolai,Egginton,57,negginton2l@goo.gl,Quality Control Specialist,41260.62,1/26/2019,Engineering,94
95,Lucretia,Fawcitt,18,lfawcitt2m@wisc.edu,Structural Analysis Engineer,38267.63,12/8/2017,IT,95
96,Jen,Cordall,52,jcordall2n@mozilla.org,Actuary,104873.68,4/25/2018,Marketing,96
97,Gerta,Cribbin,47,gcribbin2o@goo.ne.jp,Senior Developer,90555.71,6/20/2016,IT,97
98,Janean,Snoad,26,jsnoad2p@state.gov,Assistant Professor,76161.07,5/6/2020,Marketing,98
99,Simmonds,Crain,57,scrain2q@trellian.com,Occupational Therapist,110488.38,3/6/2020,IT,99
100,Garner,Bilton,42,gbilton2r@wikimedia.org,Help Desk Operator,49354.65,8/28/2017,Marketing,100
